c_pass_id,c_ids_alloted
P0001,['-']
P0002,['-']
P0003,['-']
P0004,['-']
P0005,['C0185']
P0006,['-']
P0007,['C0416']
P0008,['C0146']
P0009,['C0096']
P0010,['C0546']
P0011,['C0530']
P0012,['C0091']
P0013,['C0423']
P0014,['-']
P0015,['-']
P0016,['-']
P0017,"['C0252', 'C0262']"
P0018,['-']
P0019,['C0230']
P0020,['C0080']
P0021,['-']
P0022,['C0118']
P0023,['-']
P0024,['C0108']
P0025,['C0431']
P0026,['-']
P0027,['-']
P0028,['C0125']
P0029,['-']
P0030,['C0567']
P0031,['-']
P0032,['-']
P0033,['-']
P0034,"['C0279', 'C0285']"
P0035,['-']
P0036,['-']
P0037,['-']
P0038,['C0420']
P0039,['C0339']
P0040,"['C0321', 'C0509']"
P0041,['-']
P0042,['C0284']
P0043,"['C0345', 'C0380']"
P0044,['-']
P0045,['-']
P0046,"['C0201', 'C0566']"
P0047,['-']
P0048,['-']
P0049,['-']
P0050,['-']
P0051,['C0369']
P0052,['-']
P0053,['-']
P0054,['-']
P0055,['C0223']
P0056,['-']
P0057,['C0572']
P0058,['-']
P0059,"['C0027', 'C0282', 'C0328']"
P0060,['-']
P0061,['-']
P0062,['-']
P0063,['C0391']
P0064,['-']
P0065,['-']
P0066,['C0477']
P0067,['-']
P0068,['-']
P0069,['-']
P0070,['-']
P0071,['C0311']
P0072,"['C0323', 'C0592']"
P0073,['C0135']
P0074,['C0454']
P0075,['C0025']
P0076,['-']
P0077,['-']
P0078,['-']
P0079,['-']
P0080,['C0057']
P0081,['-']
P0082,['-']
P0083,['-']
P0084,['-']
P0085,['-']
P0086,['-']
P0087,"['C0040', 'C0372', 'C0540']"
P0088,['-']
P0089,['C0243']
P0090,['C0479']
P0091,['-']
P0092,['C0449']
P0093,['C0294']
P0094,['-']
P0095,['-']
P0096,['C0450']
P0097,['-']
P0098,['-']
P0099,['-']
P0100,['-']
P0101,['C0029']
P0102,['-']
P0103,"['C0218', 'C0368']"
P0104,"['C0095', 'C0521']"
P0105,['-']
P0106,['-']
P0107,['C0526']
P0108,['C0384']
P0109,['C0313']
P0110,['-']
P0111,['-']
P0112,['C0590']
P0113,['-']
P0114,['-']
P0115,['-']
P0116,"['C0019', 'C0159']"
P0117,['C0075']
P0118,['-']
P0119,['-']
P0120,['-']
P0121,['-']
P0122,['-']
P0123,['-']
P0124,['-']
P0125,['-']
P0126,['-']
P0127,['-']
P0128,['C0343']
P0129,['-']
P0130,['C0246']
P0131,['-']
P0132,['C0360']
P0133,"['C0082', 'C0571']"
P0134,['-']
P0135,['C0191']
P0136,['C0434']
P0137,['-']
P0138,['-']
P0139,['-']
P0140,['-']
P0141,['-']
P0142,['-']
P0143,"['C0180', 'C0266']"
P0144,['-']
P0145,['-']
P0146,['C0596']
P0147,['-']
P0148,['-']
P0149,['-']
P0150,['-']
P0151,['-']
P0152,['-']
P0153,['-']
P0154,['-']
P0155,['C0016']
P0156,['-']
P0157,['-']
P0158,"['C0543', 'C0585']"
P0159,['-']
P0160,['-']
P0161,['-']
P0162,['-']
P0163,['-']
P0164,['-']
P0165,['-']
P0166,['-']
P0167,['-']
P0168,['-']
P0169,"['C0332', 'C0408', 'C0576']"
P0170,['C0363']
P0171,['C0287']
P0172,['C0300']
P0173,['-']
P0174,['-']
P0175,"['C0523', 'C0594']"
P0176,['C0120']
P0177,['-']
P0178,['C0341']
P0179,"['C0556', 'C0569']"
P0180,['-']
P0181,['-']
P0182,['-']
P0183,['-']
P0184,['-']
P0185,['C0014']
P0186,['-']
P0187,['-']
P0188,['-']
P0189,['C0494']
P0190,['-']
P0191,['-']
P0192,['-']
P0193,"['C0008', 'C0031', 'C0109']"
P0194,['C0485']
P0195,['C0232']
P0196,['C0059']
P0197,['-']
P0198,['-']
P0199,['-']
P0200,['C0213']
P0201,['C0007']
P0202,['C0413']
P0203,['-']
P0204,['C0114']
P0205,['-']
P0206,['C0547']
P0207,['C0422']
P0208,['-']
P0209,['-']
P0210,['-']
P0211,['-']
P0212,['C0515']
P0213,['C0152']
P0214,['-']
P0215,"['C0249', 'C0348']"
P0216,['-']
P0217,['-']
P0218,['-']
P0219,['-']
P0220,['-']
P0221,['-']
P0222,['C0121']
P0223,['-']
P0224,['-']
P0225,['C0444']
P0226,['C0045']
P0227,['-']
P0228,['-']
P0229,['-']
P0230,['-']
P0231,['C0595']
P0232,['C0112']
P0233,['-']
P0234,"['C0392', 'C0538']"
P0235,['C0236']
P0236,['C0072']
P0237,['C0487']
P0238,['-']
P0239,['C0389']
P0240,['C0582']
P0241,['-']
P0242,"['C0034', 'C0278']"
P0243,['-']
P0244,['C0447']
P0245,['C0496']
P0246,['C0179']
P0247,['-']
P0248,['C0465']
P0249,['-']
P0250,['C0493']
P0251,['C0347']
P0252,['C0370']
P0253,['-']
P0254,['C0276']
P0255,['C0457']
P0256,['C0038']
P0257,['C0001']
P0258,['-']
P0259,['C0192']
P0260,['-']
P0261,['C0480']
P0262,"['C0066', 'C0161']"
P0263,"['C0235', 'C0462']"
P0264,['-']
P0265,['C0020']
P0266,['-']
P0267,['-']
P0268,['C0128']
P0269,"['C0062', 'C0183']"
P0270,['C0013']
P0271,['-']
P0272,['-']
P0273,['C0437']
P0274,"['C0035', 'C0123']"
P0275,['-']
P0276,['-']
P0277,['-']
P0278,['C0502']
P0279,['-']
P0280,"['C0132', 'C0250']"
P0281,['-']
P0282,['-']
P0283,['-']
P0284,['-']
P0285,['-']
P0286,['C0598']
P0287,['C0143']
P0288,['C0211']
P0289,"['C0154', 'C0177']"
P0290,['C0342']
P0291,['-']
P0292,['C0197']
P0293,['C0377']
P0294,"['C0181', 'C0574']"
P0295,['C0518']
P0296,['-']
P0297,['-']
P0298,['C0533']
P0299,['C0056']
P0300,['-']
P0301,['-']
P0302,['-']
P0303,['-']
P0304,['C0184']
P0305,"['C0004', 'C0333', 'C0490']"
P0306,['-']
P0307,['-']
P0308,['C0175']
P0309,['-']
P0310,['C0519']
P0311,['-']
P0312,['-']
P0313,['-']
P0314,['-']
P0315,['C0473']
P0316,"['C0009', 'C0409']"
P0317,['-']
P0318,['C0579']
P0319,['-']
P0320,['-']
P0321,['-']
P0322,['C0050']
P0323,['-']
P0324,['C0511']
P0325,['-']
P0326,['C0401']
P0327,['-']
P0328,['-']
P0329,"['C0255', 'C0428']"
P0330,['C0142']
P0331,['-']
P0332,"['C0041', 'C0053']"
P0333,['-']
P0334,['-']
P0335,"['C0265', 'C0290']"
P0336,['-']
P0337,['-']
P0338,['C0373']
P0339,['-']
P0340,['C0324']
P0341,['-']
P0342,"['C0107', 'C0452']"
P0343,['-']
P0344,['C0560']
P0345,['-']
P0346,['-']
P0347,['-']
P0348,['-']
P0349,['-']
P0350,['-']
P0351,['-']
P0352,['-']
P0353,['C0436']
P0354,['-']
P0355,['-']
P0356,['-']
P0357,['C0147']
P0358,['C0320']
P0359,['-']
P0360,['-']
P0361,['-']
P0362,['C0182']
P0363,['-']
P0364,['C0164']
P0365,['C0492']
P0366,['C0489']
P0367,['-']
P0368,['C0564']
P0369,"['C0351', 'C0504']"
P0370,['-']
P0371,['-']
P0372,['C0417']
P0373,['-']
P0374,['-']
P0375,"['C0170', 'C0570']"
P0376,['-']
P0377,['-']
P0378,['-']
P0379,['-']
P0380,['C0273']
P0381,['-']
P0382,['C0412']
P0383,"['C0153', 'C0295']"
P0384,"['C0163', 'C0165', 'C0173']"
P0385,['C0055']
P0386,['-']
P0387,['C0578']
P0388,['-']
P0389,['C0214']
P0390,['-']
P0391,['-']
P0392,['C0356']
P0393,['-']
P0394,"['C0344', 'C0432', 'C0586']"
P0395,['C0512']
P0396,['C0419']
P0397,['C0215']
P0398,['-']
P0399,['-']
P0400,['-']
P0401,['C0442']
P0402,['-']
P0403,['-']
P0404,['-']
P0405,['-']
P0406,['-']
P0407,['C0581']
P0408,['C0178']
P0409,['C0257']
P0410,['-']
P0411,['-']
P0412,['-']
P0413,['-']
P0414,"['C0011', 'C0141']"
P0415,['-']
P0416,['-']
P0417,['C0528']
P0418,['-']
P0419,['-']
P0420,"['C0219', 'C0325']"
P0421,['C0591']
P0422,['-']
P0423,['-']
P0424,['-']
P0425,['C0326']
P0426,['C0331']
P0427,['C0100']
P0428,['-']
P0429,"['C0379', 'C0397']"
P0430,['-']
P0431,"['C0039', 'C0071']"
P0432,['C0402']
P0433,['C0550']
P0434,['-']
P0435,['C0516']
P0436,['C0410']
P0437,"['C0499', 'C0580']"
P0438,['C0378']
P0439,['C0536']
P0440,['-']
P0441,['-']
P0442,['C0305']
P0443,['C0330']
P0444,['C0483']
P0445,['-']
P0446,['-']
P0447,['C0393']
P0448,['-']
P0449,['-']
P0450,['-']
P0451,['-']
P0452,['-']
P0453,['-']
P0454,['-']
P0455,['-']
P0456,['-']
P0457,"['C0226', 'C0316']"
P0458,['C0216']
P0459,['C0131']
P0460,['C0476']
P0461,['C0552']
P0462,['-']
P0463,"['C0382', 'C0561']"
P0464,"['C0157', 'C0258']"
P0465,['-']
P0466,"['C0283', 'C0388']"
P0467,['-']
P0468,['-']
P0469,['C0061']
P0470,['-']
P0471,['C0322']
P0472,['-']
P0473,['-']
P0474,['C0017']
P0475,['C0446']
P0476,['C0198']
P0477,['-']
P0478,['-']
P0479,['-']
P0480,['C0234']
P0481,['-']
P0482,['-']
P0483,['C0398']
P0484,['-']
P0485,['-']
P0486,['-']
P0487,['-']
P0488,['-']
P0489,['-']
P0490,['-']
P0491,"['C0116', 'C0394', 'C0597']"
P0492,['-']
P0493,['C0535']
P0494,['-']
P0495,['C0151']
P0496,['-']
P0497,['C0221']
P0498,['-']
P0499,['-']
P0500,"['C0168', 'C0407']"
P0501,"['C0006', 'C0205', 'C0254']"
P0502,['-']
P0503,['-']
P0504,['C0506']
P0505,"['C0220', 'C0376']"
P0506,['C0355']
P0507,['-']
P0508,['-']
P0509,['-']
P0510,['-']
P0511,['C0101']
P0512,['C0199']
P0513,"['C0083', 'C0166']"
P0514,['C0470']
P0515,['-']
P0516,['-']
P0517,['-']
P0518,['C0140']
P0519,['-']
P0520,['C0466']
P0521,['-']
P0522,['-']
P0523,['C0137']
P0524,['C0359']
P0525,['C0336']
P0526,['-']
P0527,['-']
P0528,['C0149']
P0529,['-']
P0530,['-']
P0531,['C0138']
P0532,['-']
P0533,"['C0176', 'C0554']"
P0534,['-']
P0535,['-']
P0536,['-']
P0537,['-']
P0538,['C0497']
P0539,['C0307']
P0540,['-']
P0541,['-']
P0542,['-']
P0543,['C0453']
P0544,"['C0532', 'C0542', 'C0599']"
P0545,['-']
P0546,['C0531']
P0547,['-']
P0548,"['C0228', 'C0395']"
P0549,['-']
P0550,['C0298']
P0551,['C0203']
P0552,['C0136']
P0553,['-']
P0554,['C0049']
P0555,['C0256']
P0556,['-']
P0557,['-']
P0558,['-']
P0559,['C0364']
P0560,['-']
P0561,['-']
P0562,['-']
P0563,['-']
P0564,['-']
P0565,['C0048']
P0566,['C0539']
P0567,['-']
P0568,"['C0098', 'C0253', 'C0439', 'C0549']"
P0569,['-']
P0570,['-']
P0571,['-']
P0572,['C0575']
P0573,['C0301']
P0574,['C0187']
P0575,['-']
P0576,['-']
P0577,"['C0195', 'C0508']"
P0578,['-']
P0579,['-']
P0580,['-']
P0581,['C0260']
P0582,['C0443']
P0583,['-']
P0584,['-']
P0585,['C0021']
P0586,['C0514']
P0587,['-']
P0588,['-']
P0589,['C0052']
P0590,['-']
P0591,['-']
P0592,['-']
P0593,['-']
P0594,['-']
P0595,['-']
P0596,"['C0089', 'C0190', 'C0418']"
P0597,['-']
P0598,['C0251']
P0599,['-']
P0600,['-']
P0601,['-']
P0602,['C0206']
P0603,['-']
P0604,['C0073']
P0605,['C0193']
P0606,['C0352']
P0607,['-']
P0608,['C0054']
P0609,['C0119']
P0610,['-']
P0611,['C0424']
P0612,"['C0346', 'C0448']"
P0613,['C0362']
P0614,['C0319']
P0615,['-']
P0616,['C0117']
P0617,['-']
P0618,['-']
P0619,"['C0093', 'C0414']"
P0620,['C0486']
P0621,['-']
P0622,"['C0070', 'C0555']"
P0623,['-']
P0624,"['C0090', 'C0275']"
P0625,['-']
P0626,['-']
P0627,['-']
P0628,['-']
P0629,['C0196']
P0630,['C0044']
P0631,['-']
P0632,['-']
P0633,"['C0063', 'C0204']"
P0634,['C0559']
P0635,['-']
P0636,['C0113']
P0637,['C0289']
P0638,['-']
P0639,['C0022']
P0640,['-']
P0641,['C0548']
P0642,"['C0231', 'C0365']"
P0643,['C0534']
P0644,['-']
P0645,['-']
P0646,['C0404']
P0647,['-']
P0648,['C0015']
P0649,['-']
P0650,['-']
P0651,['-']
P0652,['C0340']
P0653,['C0087']
P0654,['-']
P0655,['-']
P0656,['C0069']
P0657,['C0162']
P0658,['-']
P0659,"['C0129', 'C0440']"
P0660,['-']
P0661,['C0361']
P0662,['-']
P0663,['-']
P0664,['-']
P0665,['C0411']
P0666,['C0577']
P0667,"['C0200', 'C0513']"
P0668,['-']
P0669,['C0318']
P0670,['-']
P0671,['-']
P0672,['-']
P0673,['-']
P0674,['C0366']
P0675,['-']
P0676,['C0430']
P0677,['C0222']
P0678,['C0573']
P0679,['C0310']
P0680,['C0406']
P0681,['-']
P0682,['-']
P0683,['C0248']
P0684,['C0312']
P0685,['C0537']
P0686,['-']
P0687,['C0541']
P0688,['-']
P0689,['-']
P0690,['-']
P0691,"['C0350', 'C0495']"
P0692,['C0403']
P0693,['-']
P0694,"['C0005', 'C0317', 'C0400']"
P0695,['-']
P0696,['C0139']
P0697,['-']
P0698,"['C0130', 'C0244']"
P0699,"['C0058', 'C0160']"
P0700,['-']
P0701,['-']
P0702,['-']
P0703,['-']
P0704,['-']
P0705,['C0155']
P0706,['-']
P0707,['-']
P0708,['-']
P0709,['-']
P0710,"['C0188', 'C0189']"
P0711,['C0445']
P0712,['C0010']
P0713,['C0374']
P0714,['-']
P0715,"['C0028', 'C0286']"
P0716,['C0068']
P0717,['C0171']
P0718,['-']
P0719,['C0110']
P0720,"['C0024', 'C0274']"
P0721,['-']
P0722,['-']
P0723,['C0145']
P0724,['C0302']
P0725,['-']
P0726,['-']
P0727,['C0488']
P0728,"['C0268', 'C0314']"
P0729,['C0097']
P0730,['C0076']
P0731,['-']
P0732,['-']
P0733,['-']
P0734,['C0517']
P0735,['C0288']
P0736,['C0092']
P0737,['C0584']
P0738,['-']
P0739,['-']
P0740,['-']
P0741,['C0354']
P0742,['-']
P0743,"['C0172', 'C0280', 'C0460']"
P0744,['C0210']
P0745,['C0522']
P0746,['C0527']
P0747,['C0385']
P0748,['C0078']
P0749,['-']
P0750,['C0018']
P0751,['-']
P0752,['C0043']
P0753,['-']
P0754,['-']
P0755,['C0383']
P0756,['C0367']
P0757,['-']
P0758,['C0124']
P0759,['C0498']
P0760,['-']
P0761,['C0405']
P0762,['-']
P0763,['-']
P0764,['C0544']
P0765,"['C0158', 'C0421']"
P0766,['-']
P0767,['-']
P0768,['-']
P0769,['-']
P0770,['-']
P0771,['C0482']
P0772,['C0012']
P0773,"['C0134', 'C0478']"
P0774,['C0387']
P0775,"['C0212', 'C0292']"
P0776,['-']
P0777,['-']
P0778,['C0563']
P0779,['C0105']
P0780,['C0208']
P0781,['-']
P0782,['-']
P0783,"['C0272', 'C0587']"
P0784,['C0315']
P0785,['-']
P0786,['C0115']
P0787,['C0150']
P0788,['-']
P0789,['-']
P0790,['-']
P0791,['-']
P0792,['C0167']
P0793,['C0304']
P0794,['C0520']
P0795,['-']
P0796,['-']
P0797,['-']
P0798,"['C0037', 'C0399']"
P0799,['C0299']
P0800,['-']
P0801,['-']
P0802,['C0327']
P0803,['C0415']
P0804,['C0047']
P0805,"['C0261', 'C0545']"
P0806,['C0593']
P0807,['-']
P0808,['-']
P0809,['C0046']
P0810,['-']
P0811,['-']
P0812,"['C0349', 'C0357', 'C0501']"
P0813,['-']
P0814,['C0042']
P0815,"['C0237', 'C0239']"
P0816,['C0329']
P0817,['-']
P0818,"['C0051', 'C0469']"
P0819,['C0086']
P0820,"['C0074', 'C0240']"
P0821,['-']
P0822,['-']
P0823,['-']
P0824,['-']
P0825,['-']
P0826,['C0353']
P0827,"['C0127', 'C0306']"
P0828,['C0371']
P0829,['C0308']
P0830,['C0267']
P0831,['-']
P0832,['C0600']
P0833,['C0133']
P0834,"['C0060', 'C0510']"
P0835,['-']
P0836,['-']
P0837,['-']
P0838,['-']
P0839,['C0264']
P0840,['-']
P0841,['-']
P0842,['-']
P0843,['-']
P0844,['C0144']
P0845,['C0463']
P0846,['-']
P0847,['C0464']
P0848,['-']
P0849,['C0103']
P0850,['C0247']
P0851,['-']
P0852,['C0358']
P0853,['-']
P0854,"['C0032', 'C0381']"
P0855,['-']
P0856,"['C0209', 'C0334']"
P0857,['-']
P0858,['-']
P0859,['-']
P0860,['-']
P0861,['-']
P0862,['-']
P0863,['C0297']
P0864,['C0386']
P0865,"['C0094', 'C0309']"
P0866,"['C0303', 'C0524']"
P0867,['C0529']
P0868,['C0474']
P0869,['C0269']
P0870,['-']
P0871,['-']
P0872,"['C0023', 'C0281']"
P0873,['C0227']
P0874,['-']
P0875,['C0451']
P0876,['-']
P0877,['C0224']
P0878,['C0491']
P0879,['C0036']
P0880,['-']
P0881,"['C0337', 'C0551']"
P0882,['-']
P0883,['-']
P0884,['C0067']
P0885,['-']
P0886,['-']
P0887,['-']
P0888,"['C0390', 'C0507']"
P0889,"['C0088', 'C0233', 'C0467']"
P0890,['C0245']
P0891,['-']
P0892,['-']
P0893,['C0433']
P0894,"['C0259', 'C0441']"
P0895,['-']
P0896,['C0079']
P0897,"['C0084', 'C0557']"
P0898,['-']
P0899,"['C0126', 'C0296']"
P0900,['C0271']
P0901,['C0099']
P0902,['-']
P0903,['C0481']
P0904,['-']
P0905,['-']
P0906,"['C0455', 'C0565']"
P0907,['-']
P0908,['-']
P0909,['-']
P0910,"['C0030', 'C0217', 'C0456']"
P0911,['-']
P0912,['C0468']
P0913,['-']
P0914,['C0064']
P0915,['-']
P0916,['C0396']
P0917,['C0471']
P0918,['C0293']
P0919,['C0461']
P0920,['-']
P0921,['C0077']
P0922,['C0429']
P0923,['-']
P0924,['-']
P0925,"['C0081', 'C0085']"
P0926,['-']
P0927,"['C0003', 'C0241']"
P0928,['-']
P0929,['-']
P0930,['C0277']
P0931,['C0263']
P0932,['C0202']
P0933,['C0111']
P0934,['-']
P0935,['C0102']
P0936,['-']
P0937,['-']
P0938,['C0505']
P0939,['-']
P0940,"['C0427', 'C0562']"
P0941,['C0589']
P0942,"['C0335', 'C0475']"
P0943,['-']
P0944,['C0338']
P0945,['-']
P0946,['-']
P0947,['-']
P0948,['C0242']
P0949,['C0484']
P0950,['-']
P0951,['C0229']
P0952,['-']
P0953,"['C0156', 'C0500']"
P0954,"['C0458', 'C0588']"
P0955,['-']
P0956,['C0207']
P0957,['-']
P0958,['-']
P0959,"['C0174', 'C0225']"
P0960,['C0583']
P0961,"['C0104', 'C0435']"
P0962,['-']
P0963,['-']
P0964,['C0426']
P0965,['C0169']
P0966,"['C0503', 'C0568']"
P0967,['-']
P0968,['C0375']
P0969,['-']
P0970,"['C0438', 'C0558']"
P0971,"['C0002', 'C0459']"
P0972,"['C0106', 'C0194']"
P0973,['-']
P0974,['C0033']
P0975,['C0065']
P0976,['-']
P0977,['-']
P0978,"['C0148', 'C0525']"
P0979,['C0238']
P0980,['-']
P0981,['-']
P0982,['-']
P0983,['C0026']
P0984,['-']
P0985,['C0425']
P0986,['-']
P0987,"['C0186', 'C0270', 'C0291']"
P0988,['C0472']
P0989,['-']
P0990,['-']
P0991,['-']
P0992,['-']
P0993,['-']
P0994,['-']
P0995,['-']
P0996,['C0553']
P0997,['-']
P0998,['-']
P0999,['-']
P1000,['C0122']
